<?xml version="1.0" encoding="UTF-8"?>
<metadata xml:lang="en"><Esri><CreaDate>20241103</CreaDate><CreaTime>14285300</CreaTime><ArcGISFormat>1.0</ArcGISFormat><SyncOnce>FALSE</SyncOnce><DataProperties><itemProps><itemName Sync="TRUE">California_Counties</itemName><imsContentType Sync="TRUE">002</imsContentType><itemSize Sync="TRUE">0.000</itemSize><itemLocation><linkage Sync="TRUE">file://\\MSI\C$\Users\justi\OneDrive\Desktop\UW-M\Interactive Cartography &amp; Geovisualization\Unit-3\data\California_Counties.shp</linkage><protocol Sync="TRUE">Local Area Network</protocol></itemLocation></itemProps><coordRef><type Sync="TRUE">Geographic</type><geogcsn Sync="TRUE">GCS_WGS_1984</geogcsn><csUnits Sync="TRUE">Angular Unit: Degree (0.017453)</csUnits><peXml Sync="TRUE">&lt;GeographicCoordinateSystem xsi:type='typens:GeographicCoordinateSystem' xmlns:xsi='http://www.w3.org/2001/XMLSchema-instance' xmlns:xs='http://www.w3.org/2001/XMLSchema' xmlns:typens='http://www.esri.com/schemas/ArcGIS/3.2.0'&gt;&lt;WKT&gt;GEOGCS[&amp;quot;GCS_WGS_1984&amp;quot;,DATUM[&amp;quot;D_WGS_1984&amp;quot;,SPHEROID[&amp;quot;WGS_1984&amp;quot;,6378137.0,298.257223563]],PRIMEM[&amp;quot;Greenwich&amp;quot;,0.0],UNIT[&amp;quot;Degree&amp;quot;,0.0174532925199433],AUTHORITY[&amp;quot;EPSG&amp;quot;,4326]]&lt;/WKT&gt;&lt;XOrigin&gt;-400&lt;/XOrigin&gt;&lt;YOrigin&gt;-400&lt;/YOrigin&gt;&lt;XYScale&gt;11258999068426.238&lt;/XYScale&gt;&lt;ZOrigin&gt;-100000&lt;/ZOrigin&gt;&lt;ZScale&gt;10000&lt;/ZScale&gt;&lt;MOrigin&gt;-100000&lt;/MOrigin&gt;&lt;MScale&gt;10000&lt;/MScale&gt;&lt;XYTolerance&gt;8.983152841195215e-09&lt;/XYTolerance&gt;&lt;ZTolerance&gt;0.001&lt;/ZTolerance&gt;&lt;MTolerance&gt;0.001&lt;/MTolerance&gt;&lt;HighPrecision&gt;true&lt;/HighPrecision&gt;&lt;LeftLongitude&gt;-180&lt;/LeftLongitude&gt;&lt;WKID&gt;4326&lt;/WKID&gt;&lt;LatestWKID&gt;4326&lt;/LatestWKID&gt;&lt;/GeographicCoordinateSystem&gt;</peXml></coordRef><lineage><Process ToolSource="c:\program files\arcgis\pro\Resources\ArcToolbox\toolboxes\Conversion Tools.tbx\ExportFeatures" Date="20241103" Time="142853">ExportFeatures ne_10m_admin_2_counties "C:\Users\justi\OneDrive\Desktop\UW-M\Interactive Cartography &amp; Geovisualization\Unit-3\data\California_Counties.shp" # NOT_USE_ALIAS "FEATURECLA "FEATURECLA" true true false 18 Text 0 0,First,#,ne_10m_admin_2_counties,FEATURECLA,0,17;SCALERANK "SCALERANK" true true false 1 Short 0 0,First,#,ne_10m_admin_2_counties,SCALERANK,-1,-1;ADM2_CODE "ADM2_CODE" true true false 9 Text 0 0,First,#,ne_10m_admin_2_counties,ADM2_CODE,0,8;ISO_3166_2 "ISO_3166_2" true true false 5 Text 0 0,First,#,ne_10m_admin_2_counties,ISO_3166_2,0,4;ISO_A2 "ISO_A2" true true false 2 Text 0 0,First,#,ne_10m_admin_2_counties,ISO_A2,0,1;ADM0_SR "ADM0_SR" true true false 1 Short 0 0,First,#,ne_10m_admin_2_counties,ADM0_SR,-1,-1;NAME "NAME" true true false 22 Text 0 0,First,#,ne_10m_admin_2_counties,NAME,0,21;NAME_ALT "NAME_ALT" true true false 36 Text 0 0,First,#,ne_10m_admin_2_counties,NAME_ALT,0,35;NAME_LOCAL "NAME_LOCAL" true true false 1 Text 0 0,First,#,ne_10m_admin_2_counties,NAME_LOCAL,0,254;TYPE "TYPE" true true false 20 Text 0 0,First,#,ne_10m_admin_2_counties,TYPE,0,19;TYPE_EN "TYPE_EN" true true false 20 Text 0 0,First,#,ne_10m_admin_2_counties,TYPE_EN,0,19;CODE_LOCAL "CODE_LOCAL" true true false 5 Text 0 0,First,#,ne_10m_admin_2_counties,CODE_LOCAL,0,4;REGION "REGION" true true false 2 Text 0 0,First,#,ne_10m_admin_2_counties,REGION,0,1;REGION_COD "REGION_COD" true true false 2 Text 0 0,First,#,ne_10m_admin_2_counties,REGION_COD,0,1;ABBREV "ABBREV" true true false 1 Text 0 0,First,#,ne_10m_admin_2_counties,ABBREV,0,254;AREA_SQKM "AREA_SQKM" true true false 6 Long 0 0,First,#,ne_10m_admin_2_counties,AREA_SQKM,-1,-1;SAMEASCITY "SAMEASCITY" true true false 1 Short 0 0,First,#,ne_10m_admin_2_counties,SAMEASCITY,-1,-1;LABELRANK "LABELRANK" true true false 1 Short 0 0,First,#,ne_10m_admin_2_counties,LABELRANK,-1,-1;NAME_LEN "NAME_LEN" true true false 2 Short 0 0,First,#,ne_10m_admin_2_counties,NAME_LEN,-1,-1;MAPCOLOR9 "MAPCOLOR9" true true false 1 Short 0 0,First,#,ne_10m_admin_2_counties,MAPCOLOR9,-1,-1;MAPCOLOR13 "MAPCOLOR13" true true false 1 Short 0 0,First,#,ne_10m_admin_2_counties,MAPCOLOR13,-1,-1;FIPS "FIPS" true true false 7 Text 0 0,First,#,ne_10m_admin_2_counties,FIPS,0,6;SOV_A3 "SOV_A3" true true false 3 Text 0 0,First,#,ne_10m_admin_2_counties,SOV_A3,0,2;ADM0_A3 "ADM0_A3" true true false 3 Text 0 0,First,#,ne_10m_admin_2_counties,ADM0_A3,0,2;ADM0_LABEL "ADM0_LABEL" true true false 1 Short 0 0,First,#,ne_10m_admin_2_counties,ADM0_LABEL,-1,-1;ADMIN "ADMIN" true true false 24 Text 0 0,First,#,ne_10m_admin_2_counties,ADMIN,0,23;GEONUNIT "GEONUNIT" true true false 24 Text 0 0,First,#,ne_10m_admin_2_counties,GEONUNIT,0,23;GU_A3 "GU_A3" true true false 3 Text 0 0,First,#,ne_10m_admin_2_counties,GU_A3,0,2;MIN_LABEL "MIN_LABEL" true true false 1 Short 0 0,First,#,ne_10m_admin_2_counties,MIN_LABEL,-1,-1;MAX_LABEL "MAX_LABEL" true true false 2 Short 0 0,First,#,ne_10m_admin_2_counties,MAX_LABEL,-1,-1;MIN_ZOOM "MIN_ZOOM" true true false 3 Float 0 0,First,#,ne_10m_admin_2_counties,MIN_ZOOM,-1,-1;WIKIDATAID "WIKIDATAID" true true false 9 Text 0 0,First,#,ne_10m_admin_2_counties,WIKIDATAID,0,8;NE_ID "NE_ID" true true false 10 Long 0 0,First,#,ne_10m_admin_2_counties,NE_ID,-1,-1;latitude "latitude" true true false 9 Double 0 0,First,#,ne_10m_admin_2_counties,latitude,-1,-1;longitude "longitude" true true false 11 Double 0 0,First,#,ne_10m_admin_2_counties,longitude,-1,-1;NAME_AR "NAME_AR" true true false 63 Text 0 0,First,#,ne_10m_admin_2_counties,NAME_AR,0,62;NAME_BN "NAME_BN" true true false 59 Text 0 0,First,#,ne_10m_admin_2_counties,NAME_BN,0,58;NAME_DE "NAME_DE" true true false 27 Text 0 0,First,#,ne_10m_admin_2_counties,NAME_DE,0,26;NAME_EL "NAME_EL" true true false 48 Text 0 0,First,#,ne_10m_admin_2_counties,NAME_EL,0,47;NAME_EN "NAME_EN" true true false 27 Text 0 0,First,#,ne_10m_admin_2_counties,NAME_EN,0,26;NAME_ES "NAME_ES" true true false 42 Text 0 0,First,#,ne_10m_admin_2_counties,NAME_ES,0,41;NAME_FA "NAME_FA" true true false 71 Text 0 0,First,#,ne_10m_admin_2_counties,NAME_FA,0,70;NAME_FR "NAME_FR" true true false 53 Text 0 0,First,#,ne_10m_admin_2_counties,NAME_FR,0,52;NAME_HE "NAME_HE" true true false 53 Text 0 0,First,#,ne_10m_admin_2_counties,NAME_HE,0,52;NAME_HI "NAME_HI" true true false 52 Text 0 0,First,#,ne_10m_admin_2_counties,NAME_HI,0,51;NAME_HU "NAME_HU" true true false 22 Text 0 0,First,#,ne_10m_admin_2_counties,NAME_HU,0,21;NAME_ID "NAME_ID" true true false 18 Text 0 0,First,#,ne_10m_admin_2_counties,NAME_ID,0,17;NAME_IT "NAME_IT" true true false 36 Text 0 0,First,#,ne_10m_admin_2_counties,NAME_IT,0,35;NAME_JA "NAME_JA" true true false 72 Text 0 0,First,#,ne_10m_admin_2_counties,NAME_JA,0,71;NAME_KO "NAME_KO" true true false 28 Text 0 0,First,#,ne_10m_admin_2_counties,NAME_KO,0,27;NAME_NL "NAME_NL" true true false 27 Text 0 0,First,#,ne_10m_admin_2_counties,NAME_NL,0,26;NAME_PL "NAME_PL" true true false 32 Text 0 0,First,#,ne_10m_admin_2_counties,NAME_PL,0,31;NAME_PT "NAME_PT" true true false 44 Text 0 0,First,#,ne_10m_admin_2_counties,NAME_PT,0,43;NAME_RU "NAME_RU" true true false 52 Text 0 0,First,#,ne_10m_admin_2_counties,NAME_RU,0,51;NAME_SV "NAME_SV" true true false 29 Text 0 0,First,#,ne_10m_admin_2_counties,NAME_SV,0,28;NAME_TR "NAME_TR" true true false 116 Text 0 0,First,#,ne_10m_admin_2_counties,NAME_TR,0,115;NAME_UK "NAME_UK" true true false 57 Text 0 0,First,#,ne_10m_admin_2_counties,NAME_UK,0,56;NAME_UR "NAME_UR" true true false 85 Text 0 0,First,#,ne_10m_admin_2_counties,NAME_UR,0,84;NAME_VI "NAME_VI" true true false 20 Text 0 0,First,#,ne_10m_admin_2_counties,NAME_VI,0,19;NAME_ZH "NAME_ZH" true true false 40 Text 0 0,First,#,ne_10m_admin_2_counties,NAME_ZH,0,39;NAME_ZHT "NAME_ZHT" true true false 40 Text 0 0,First,#,ne_10m_admin_2_counties,NAME_ZHT,0,39" #</Process><Process ToolSource="c:\program files\arcgis\pro\Resources\ArcToolbox\toolboxes\Data Management Tools.tbx\DeleteField" Date="20241103" Time="143123">DeleteField California_Counties FEATURECLA;SCALERANK;ADM2_CODE;ISO_3166_2;ISO_A2;ADM0_SR;NAME;NAME_LOCAL;TYPE;TYPE_EN;CODE_LOCAL;REGION;REGION_COD;ABBREV;AREA_SQKM;SAMEASCITY;LABELRANK;NAME_LEN;MAPCOLOR9;MAPCOLOR13;FIPS;SOV_A3;ADM0_A3;ADM0_LABEL;ADMIN;GEONUNIT;GU_A3;MIN_LABEL;MAX_LABEL;MIN_ZOOM;WIKIDATAID;NE_ID;latitude;longitude;NAME_AR;NAME_BN;NAME_DE;NAME_EL;NAME_EN;NAME_ES;NAME_FA;NAME_FR;NAME_HE;NAME_HI;NAME_HU;NAME_ID;NAME_IT;NAME_JA;NAME_KO;NAME_NL;NAME_PL;NAME_PT;NAME_RU;NAME_SV;NAME_TR;NAME_UK;NAME_UR;NAME_VI;NAME_ZH;NAME_ZHT "Delete Fields"</Process></lineage></DataProperties><SyncDate>20241103</SyncDate><SyncTime>14285300</SyncTime><ModDate>20241103</ModDate><ModTime>14285300</ModTime></Esri><dataIdInfo><envirDesc Sync="TRUE">Microsoft Windows 10 Version 10.0 (Build 22631) ; Esri ArcGIS 13.2.2.49743</envirDesc><dataLang><languageCode value="eng" Sync="TRUE"></languageCode><countryCode value="USA" Sync="TRUE"></countryCode></dataLang><idCitation><resTitle Sync="TRUE">California_Counties</resTitle><presForm><PresFormCd value="005" Sync="TRUE"></PresFormCd></presForm></idCitation><spatRpType><SpatRepTypCd value="001" Sync="TRUE"></SpatRepTypCd></spatRpType></dataIdInfo><mdLang><languageCode value="eng" Sync="TRUE"></languageCode><countryCode value="USA" Sync="TRUE"></countryCode></mdLang><mdChar><CharSetCd value="004" Sync="TRUE"></CharSetCd></mdChar><distInfo><distFormat><formatName Sync="TRUE">Shapefile</formatName></distFormat><distTranOps><transSize Sync="TRUE">0.000</transSize></distTranOps></distInfo><mdHrLv><ScopeCd value="005" Sync="TRUE"></ScopeCd></mdHrLv><mdHrLvName Sync="TRUE">dataset</mdHrLvName><refSysInfo><RefSystem><refSysID><identCode code="4326" Sync="TRUE"></identCode><idCodeSpace Sync="TRUE">EPSG</idCodeSpace><idVersion Sync="TRUE">6.2(3.0.1)</idVersion></refSysID></RefSystem></refSysInfo><spatRepInfo><VectSpatRep><geometObjs Name="California_Counties"><geoObjTyp><GeoObjTypCd value="002" Sync="TRUE"></GeoObjTypCd></geoObjTyp><geoObjCnt Sync="TRUE">0</geoObjCnt></geometObjs><topLvl><TopoLevCd value="001" Sync="TRUE"></TopoLevCd></topLvl></VectSpatRep></spatRepInfo><spdoinfo><ptvctinf><esriterm Name="California_Counties"><efeatyp Sync="TRUE">Simple</efeatyp><efeageom code="4" Sync="TRUE"></efeageom><esritopo Sync="TRUE">FALSE</esritopo><efeacnt Sync="TRUE">0</efeacnt><spindex Sync="TRUE">FALSE</spindex><linrefer Sync="TRUE">FALSE</linrefer></esriterm></ptvctinf></spdoinfo><eainfo><detailed Name="California_Counties"><enttyp><enttypl Sync="TRUE">California_Counties</enttypl><enttypt Sync="TRUE">Feature Class</enttypt><enttypc Sync="TRUE">0</enttypc></enttyp><attr><attrlabl Sync="TRUE">FID</attrlabl><attalias Sync="TRUE">FID</attalias><attrtype Sync="TRUE">OID</attrtype><attwidth Sync="TRUE">4</attwidth><atprecis Sync="TRUE">0</atprecis><attscale Sync="TRUE">0</attscale><attrdef Sync="TRUE">Internal feature number.</attrdef><attrdefs Sync="TRUE">Esri</attrdefs><attrdomv><udom Sync="TRUE">Sequential unique whole numbers that are automatically generated.</udom></attrdomv></attr><attr><attrlabl Sync="TRUE">Shape</attrlabl><attalias Sync="TRUE">Shape</attalias><attrtype Sync="TRUE">Geometry</attrtype><attwidth Sync="TRUE">0</attwidth><atprecis Sync="TRUE">0</atprecis><attscale Sync="TRUE">0</attscale><attrdef Sync="TRUE">Feature geometry.</attrdef><attrdefs Sync="TRUE">Esri</attrdefs><attrdomv><udom Sync="TRUE">Coordinates defining the features.</udom></attrdomv></attr><attr><attrlabl Sync="TRUE">FEATURECLA</attrlabl><attalias Sync="TRUE">FEATURECLA</attalias><attrtype Sync="TRUE">String</attrtype><attwidth Sync="TRUE">18</attwidth><atprecis Sync="TRUE">0</atprecis><attscale Sync="TRUE">0</attscale></attr><attr><attrlabl Sync="TRUE">SCALERANK</attrlabl><attalias Sync="TRUE">SCALERANK</attalias><attrtype Sync="TRUE">Integer</attrtype><attwidth Sync="TRUE">5</attwidth><atprecis Sync="TRUE">5</atprecis><attscale Sync="TRUE">0</attscale></attr><attr><attrlabl Sync="TRUE">ADM2_CODE</attrlabl><attalias Sync="TRUE">ADM2_CODE</attalias><attrtype Sync="TRUE">String</attrtype><attwidth Sync="TRUE">9</attwidth><atprecis Sync="TRUE">0</atprecis><attscale Sync="TRUE">0</attscale></attr><attr><attrlabl Sync="TRUE">ISO_3166_2</attrlabl><attalias Sync="TRUE">ISO_3166_2</attalias><attrtype Sync="TRUE">String</attrtype><attwidth Sync="TRUE">5</attwidth><atprecis Sync="TRUE">0</atprecis><attscale Sync="TRUE">0</attscale></attr><attr><attrlabl Sync="TRUE">ISO_A2</attrlabl><attalias Sync="TRUE">ISO_A2</attalias><attrtype Sync="TRUE">String</attrtype><attwidth Sync="TRUE">2</attwidth><atprecis Sync="TRUE">0</atprecis><attscale Sync="TRUE">0</attscale></attr><attr><attrlabl Sync="TRUE">ADM0_SR</attrlabl><attalias Sync="TRUE">ADM0_SR</attalias><attrtype Sync="TRUE">Integer</attrtype><attwidth Sync="TRUE">5</attwidth><atprecis Sync="TRUE">5</atprecis><attscale Sync="TRUE">0</attscale></attr><attr><attrlabl Sync="TRUE">NAME</attrlabl><attalias Sync="TRUE">NAME</attalias><attrtype Sync="TRUE">String</attrtype><attwidth Sync="TRUE">22</attwidth><atprecis Sync="TRUE">0</atprecis><attscale Sync="TRUE">0</attscale></attr><attr><attrlabl Sync="TRUE">NAME_ALT</attrlabl><attalias Sync="TRUE">NAME_ALT</attalias><attrtype Sync="TRUE">String</attrtype><attwidth Sync="TRUE">36</attwidth><atprecis Sync="TRUE">0</atprecis><attscale Sync="TRUE">0</attscale></attr><attr><attrlabl Sync="TRUE">NAME_LOCAL</attrlabl><attalias Sync="TRUE">NAME_LOCAL</attalias><attrtype Sync="TRUE">String</attrtype><attwidth Sync="TRUE">1</attwidth><atprecis Sync="TRUE">0</atprecis><attscale Sync="TRUE">0</attscale></attr><attr><attrlabl Sync="TRUE">TYPE</attrlabl><attalias Sync="TRUE">TYPE</attalias><attrtype Sync="TRUE">String</attrtype><attwidth Sync="TRUE">20</attwidth><atprecis Sync="TRUE">0</atprecis><attscale Sync="TRUE">0</attscale></attr><attr><attrlabl Sync="TRUE">TYPE_EN</attrlabl><attalias Sync="TRUE">TYPE_EN</attalias><attrtype Sync="TRUE">String</attrtype><attwidth Sync="TRUE">20</attwidth><atprecis Sync="TRUE">0</atprecis><attscale Sync="TRUE">0</attscale></attr><attr><attrlabl Sync="TRUE">CODE_LOCAL</attrlabl><attalias Sync="TRUE">CODE_LOCAL</attalias><attrtype Sync="TRUE">String</attrtype><attwidth Sync="TRUE">5</attwidth><atprecis Sync="TRUE">0</atprecis><attscale Sync="TRUE">0</attscale></attr><attr><attrlabl Sync="TRUE">REGION</attrlabl><attalias Sync="TRUE">REGION</attalias><attrtype Sync="TRUE">String</attrtype><attwidth Sync="TRUE">2</attwidth><atprecis Sync="TRUE">0</atprecis><attscale Sync="TRUE">0</attscale></attr><attr><attrlabl Sync="TRUE">REGION_COD</attrlabl><attalias Sync="TRUE">REGION_COD</attalias><attrtype Sync="TRUE">String</attrtype><attwidth Sync="TRUE">2</attwidth><atprecis Sync="TRUE">0</atprecis><attscale Sync="TRUE">0</attscale></attr><attr><attrlabl Sync="TRUE">ABBREV</attrlabl><attalias Sync="TRUE">ABBREV</attalias><attrtype Sync="TRUE">String</attrtype><attwidth Sync="TRUE">1</attwidth><atprecis Sync="TRUE">0</atprecis><attscale Sync="TRUE">0</attscale></attr><attr><attrlabl Sync="TRUE">AREA_SQKM</attrlabl><attalias Sync="TRUE">AREA_SQKM</attalias><attrtype Sync="TRUE">Integer</attrtype><attwidth Sync="TRUE">10</attwidth><atprecis Sync="TRUE">10</atprecis><attscale Sync="TRUE">0</attscale></attr><attr><attrlabl Sync="TRUE">SAMEASCITY</attrlabl><attalias Sync="TRUE">SAMEASCITY</attalias><attrtype Sync="TRUE">Integer</attrtype><attwidth Sync="TRUE">5</attwidth><atprecis Sync="TRUE">5</atprecis><attscale Sync="TRUE">0</attscale></attr><attr><attrlabl Sync="TRUE">LABELRANK</attrlabl><attalias Sync="TRUE">LABELRANK</attalias><attrtype Sync="TRUE">Integer</attrtype><attwidth Sync="TRUE">5</attwidth><atprecis Sync="TRUE">5</atprecis><attscale Sync="TRUE">0</attscale></attr><attr><attrlabl Sync="TRUE">NAME_LEN</attrlabl><attalias Sync="TRUE">NAME_LEN</attalias><attrtype Sync="TRUE">Integer</attrtype><attwidth Sync="TRUE">5</attwidth><atprecis Sync="TRUE">5</atprecis><attscale Sync="TRUE">0</attscale></attr><attr><attrlabl Sync="TRUE">MAPCOLOR9</attrlabl><attalias Sync="TRUE">MAPCOLOR9</attalias><attrtype Sync="TRUE">Integer</attrtype><attwidth Sync="TRUE">5</attwidth><atprecis Sync="TRUE">5</atprecis><attscale Sync="TRUE">0</attscale></attr><attr><attrlabl Sync="TRUE">MAPCOLOR13</attrlabl><attalias Sync="TRUE">MAPCOLOR13</attalias><attrtype Sync="TRUE">Integer</attrtype><attwidth Sync="TRUE">5</attwidth><atprecis Sync="TRUE">5</atprecis><attscale Sync="TRUE">0</attscale></attr><attr><attrlabl Sync="TRUE">FIPS</attrlabl><attalias Sync="TRUE">FIPS</attalias><attrtype Sync="TRUE">String</attrtype><attwidth Sync="TRUE">7</attwidth><atprecis Sync="TRUE">0</atprecis><attscale Sync="TRUE">0</attscale></attr><attr><attrlabl Sync="TRUE">SOV_A3</attrlabl><attalias Sync="TRUE">SOV_A3</attalias><attrtype Sync="TRUE">String</attrtype><attwidth Sync="TRUE">3</attwidth><atprecis Sync="TRUE">0</atprecis><attscale Sync="TRUE">0</attscale></attr><attr><attrlabl Sync="TRUE">ADM0_A3</attrlabl><attalias Sync="TRUE">ADM0_A3</attalias><attrtype Sync="TRUE">String</attrtype><attwidth Sync="TRUE">3</attwidth><atprecis Sync="TRUE">0</atprecis><attscale Sync="TRUE">0</attscale></attr><attr><attrlabl Sync="TRUE">ADM0_LABEL</attrlabl><attalias Sync="TRUE">ADM0_LABEL</attalias><attrtype Sync="TRUE">Integer</attrtype><attwidth Sync="TRUE">5</attwidth><atprecis Sync="TRUE">5</atprecis><attscale Sync="TRUE">0</attscale></attr><attr><attrlabl Sync="TRUE">ADMIN</attrlabl><attalias Sync="TRUE">ADMIN</attalias><attrtype Sync="TRUE">String</attrtype><attwidth Sync="TRUE">24</attwidth><atprecis Sync="TRUE">0</atprecis><attscale Sync="TRUE">0</attscale></attr><attr><attrlabl Sync="TRUE">GEONUNIT</attrlabl><attalias Sync="TRUE">GEONUNIT</attalias><attrtype Sync="TRUE">String</attrtype><attwidth Sync="TRUE">24</attwidth><atprecis Sync="TRUE">0</atprecis><attscale Sync="TRUE">0</attscale></attr><attr><attrlabl Sync="TRUE">GU_A3</attrlabl><attalias Sync="TRUE">GU_A3</attalias><attrtype Sync="TRUE">String</attrtype><attwidth Sync="TRUE">3</attwidth><atprecis Sync="TRUE">0</atprecis><attscale Sync="TRUE">0</attscale></attr><attr><attrlabl Sync="TRUE">MIN_LABEL</attrlabl><attalias Sync="TRUE">MIN_LABEL</attalias><attrtype Sync="TRUE">Integer</attrtype><attwidth Sync="TRUE">5</attwidth><atprecis Sync="TRUE">5</atprecis><attscale Sync="TRUE">0</attscale></attr><attr><attrlabl Sync="TRUE">MAX_LABEL</attrlabl><attalias Sync="TRUE">MAX_LABEL</attalias><attrtype Sync="TRUE">Integer</attrtype><attwidth Sync="TRUE">5</attwidth><atprecis Sync="TRUE">5</atprecis><attscale Sync="TRUE">0</attscale></attr><attr><attrlabl Sync="TRUE">MIN_ZOOM</attrlabl><attalias Sync="TRUE">MIN_ZOOM</attalias><attrtype Sync="TRUE">Single</attrtype><attwidth Sync="TRUE">13</attwidth><atprecis Sync="TRUE">0</atprecis><attscale Sync="TRUE">0</attscale></attr><attr><attrlabl Sync="TRUE">WIKIDATAID</attrlabl><attalias Sync="TRUE">WIKIDATAID</attalias><attrtype Sync="TRUE">String</attrtype><attwidth Sync="TRUE">9</attwidth><atprecis Sync="TRUE">0</atprecis><attscale Sync="TRUE">0</attscale></attr><attr><attrlabl Sync="TRUE">NE_ID</attrlabl><attalias Sync="TRUE">NE_ID</attalias><attrtype Sync="TRUE">Integer</attrtype><attwidth Sync="TRUE">10</attwidth><atprecis Sync="TRUE">10</atprecis><attscale Sync="TRUE">0</attscale></attr><attr><attrlabl Sync="TRUE">latitude</attrlabl><attalias Sync="TRUE">latitude</attalias><attrtype Sync="TRUE">Double</attrtype><attwidth Sync="TRUE">19</attwidth><atprecis Sync="TRUE">0</atprecis><attscale Sync="TRUE">0</attscale></attr><attr><attrlabl Sync="TRUE">longitude</attrlabl><attalias Sync="TRUE">longitude</attalias><attrtype Sync="TRUE">Double</attrtype><attwidth Sync="TRUE">19</attwidth><atprecis Sync="TRUE">0</atprecis><attscale Sync="TRUE">0</attscale></attr><attr><attrlabl Sync="TRUE">NAME_AR</attrlabl><attalias Sync="TRUE">NAME_AR</attalias><attrtype Sync="TRUE">String</attrtype><attwidth Sync="TRUE">63</attwidth><atprecis Sync="TRUE">0</atprecis><attscale Sync="TRUE">0</attscale></attr><attr><attrlabl Sync="TRUE">NAME_BN</attrlabl><attalias Sync="TRUE">NAME_BN</attalias><attrtype Sync="TRUE">String</attrtype><attwidth Sync="TRUE">59</attwidth><atprecis Sync="TRUE">0</atprecis><attscale Sync="TRUE">0</attscale></attr><attr><attrlabl Sync="TRUE">NAME_DE</attrlabl><attalias Sync="TRUE">NAME_DE</attalias><attrtype Sync="TRUE">String</attrtype><attwidth Sync="TRUE">27</attwidth><atprecis Sync="TRUE">0</atprecis><attscale Sync="TRUE">0</attscale></attr><attr><attrlabl Sync="TRUE">NAME_EL</attrlabl><attalias Sync="TRUE">NAME_EL</attalias><attrtype Sync="TRUE">String</attrtype><attwidth Sync="TRUE">48</attwidth><atprecis Sync="TRUE">0</atprecis><attscale Sync="TRUE">0</attscale></attr><attr><attrlabl Sync="TRUE">NAME_EN</attrlabl><attalias Sync="TRUE">NAME_EN</attalias><attrtype Sync="TRUE">String</attrtype><attwidth Sync="TRUE">27</attwidth><atprecis Sync="TRUE">0</atprecis><attscale Sync="TRUE">0</attscale></attr><attr><attrlabl Sync="TRUE">NAME_ES</attrlabl><attalias Sync="TRUE">NAME_ES</attalias><attrtype Sync="TRUE">String</attrtype><attwidth Sync="TRUE">42</attwidth><atprecis Sync="TRUE">0</atprecis><attscale Sync="TRUE">0</attscale></attr><attr><attrlabl Sync="TRUE">NAME_FA</attrlabl><attalias Sync="TRUE">NAME_FA</attalias><attrtype Sync="TRUE">String</attrtype><attwidth Sync="TRUE">71</attwidth><atprecis Sync="TRUE">0</atprecis><attscale Sync="TRUE">0</attscale></attr><attr><attrlabl Sync="TRUE">NAME_FR</attrlabl><attalias Sync="TRUE">NAME_FR</attalias><attrtype Sync="TRUE">String</attrtype><attwidth Sync="TRUE">53</attwidth><atprecis Sync="TRUE">0</atprecis><attscale Sync="TRUE">0</attscale></attr><attr><attrlabl Sync="TRUE">NAME_HE</attrlabl><attalias Sync="TRUE">NAME_HE</attalias><attrtype Sync="TRUE">String</attrtype><attwidth Sync="TRUE">53</attwidth><atprecis Sync="TRUE">0</atprecis><attscale Sync="TRUE">0</attscale></attr><attr><attrlabl Sync="TRUE">NAME_HI</attrlabl><attalias Sync="TRUE">NAME_HI</attalias><attrtype Sync="TRUE">String</attrtype><attwidth Sync="TRUE">52</attwidth><atprecis Sync="TRUE">0</atprecis><attscale Sync="TRUE">0</attscale></attr><attr><attrlabl Sync="TRUE">NAME_HU</attrlabl><attalias Sync="TRUE">NAME_HU</attalias><attrtype Sync="TRUE">String</attrtype><attwidth Sync="TRUE">22</attwidth><atprecis Sync="TRUE">0</atprecis><attscale Sync="TRUE">0</attscale></attr><attr><attrlabl Sync="TRUE">NAME_ID</attrlabl><attalias Sync="TRUE">NAME_ID</attalias><attrtype Sync="TRUE">String</attrtype><attwidth Sync="TRUE">18</attwidth><atprecis Sync="TRUE">0</atprecis><attscale Sync="TRUE">0</attscale></attr><attr><attrlabl Sync="TRUE">NAME_IT</attrlabl><attalias Sync="TRUE">NAME_IT</attalias><attrtype Sync="TRUE">String</attrtype><attwidth Sync="TRUE">36</attwidth><atprecis Sync="TRUE">0</atprecis><attscale Sync="TRUE">0</attscale></attr><attr><attrlabl Sync="TRUE">NAME_JA</attrlabl><attalias Sync="TRUE">NAME_JA</attalias><attrtype Sync="TRUE">String</attrtype><attwidth Sync="TRUE">72</attwidth><atprecis Sync="TRUE">0</atprecis><attscale Sync="TRUE">0</attscale></attr><attr><attrlabl Sync="TRUE">NAME_KO</attrlabl><attalias Sync="TRUE">NAME_KO</attalias><attrtype Sync="TRUE">String</attrtype><attwidth Sync="TRUE">28</attwidth><atprecis Sync="TRUE">0</atprecis><attscale Sync="TRUE">0</attscale></attr><attr><attrlabl Sync="TRUE">NAME_NL</attrlabl><attalias Sync="TRUE">NAME_NL</attalias><attrtype Sync="TRUE">String</attrtype><attwidth Sync="TRUE">27</attwidth><atprecis Sync="TRUE">0</atprecis><attscale Sync="TRUE">0</attscale></attr><attr><attrlabl Sync="TRUE">NAME_PL</attrlabl><attalias Sync="TRUE">NAME_PL</attalias><attrtype Sync="TRUE">String</attrtype><attwidth Sync="TRUE">32</attwidth><atprecis Sync="TRUE">0</atprecis><attscale Sync="TRUE">0</attscale></attr><attr><attrlabl Sync="TRUE">NAME_PT</attrlabl><attalias Sync="TRUE">NAME_PT</attalias><attrtype Sync="TRUE">String</attrtype><attwidth Sync="TRUE">44</attwidth><atprecis Sync="TRUE">0</atprecis><attscale Sync="TRUE">0</attscale></attr><attr><attrlabl Sync="TRUE">NAME_RU</attrlabl><attalias Sync="TRUE">NAME_RU</attalias><attrtype Sync="TRUE">String</attrtype><attwidth Sync="TRUE">52</attwidth><atprecis Sync="TRUE">0</atprecis><attscale Sync="TRUE">0</attscale></attr><attr><attrlabl Sync="TRUE">NAME_SV</attrlabl><attalias Sync="TRUE">NAME_SV</attalias><attrtype Sync="TRUE">String</attrtype><attwidth Sync="TRUE">29</attwidth><atprecis Sync="TRUE">0</atprecis><attscale Sync="TRUE">0</attscale></attr><attr><attrlabl Sync="TRUE">NAME_TR</attrlabl><attalias Sync="TRUE">NAME_TR</attalias><attrtype Sync="TRUE">String</attrtype><attwidth Sync="TRUE">116</attwidth><atprecis Sync="TRUE">0</atprecis><attscale Sync="TRUE">0</attscale></attr><attr><attrlabl Sync="TRUE">NAME_UK</attrlabl><attalias Sync="TRUE">NAME_UK</attalias><attrtype Sync="TRUE">String</attrtype><attwidth Sync="TRUE">57</attwidth><atprecis Sync="TRUE">0</atprecis><attscale Sync="TRUE">0</attscale></attr><attr><attrlabl Sync="TRUE">NAME_UR</attrlabl><attalias Sync="TRUE">NAME_UR</attalias><attrtype Sync="TRUE">String</attrtype><attwidth Sync="TRUE">85</attwidth><atprecis Sync="TRUE">0</atprecis><attscale Sync="TRUE">0</attscale></attr><attr><attrlabl Sync="TRUE">NAME_VI</attrlabl><attalias Sync="TRUE">NAME_VI</attalias><attrtype Sync="TRUE">String</attrtype><attwidth Sync="TRUE">20</attwidth><atprecis Sync="TRUE">0</atprecis><attscale Sync="TRUE">0</attscale></attr><attr><attrlabl Sync="TRUE">NAME_ZH</attrlabl><attalias Sync="TRUE">NAME_ZH</attalias><attrtype Sync="TRUE">String</attrtype><attwidth Sync="TRUE">40</attwidth><atprecis Sync="TRUE">0</atprecis><attscale Sync="TRUE">0</attscale></attr><attr><attrlabl Sync="TRUE">NAME_ZHT</attrlabl><attalias Sync="TRUE">NAME_ZHT</attalias><attrtype Sync="TRUE">String</attrtype><attwidth Sync="TRUE">40</attwidth><atprecis Sync="TRUE">0</atprecis><attscale Sync="TRUE">0</attscale></attr></detailed></eainfo><mdDateSt Sync="TRUE">20241103</mdDateSt></metadata>
